"";"VA4711";"VA4719";"VA4791";"VA471";"VA472";"VA473";"VA474";"VA475";"VA476";"VA477";"VA478";"VA479";"VAALI";"VANAL_X_473";"VO4711";"VO4719";"VO4791";"VO471";"VO472";"VO473";"VO474";"VO475";"VO477";"VO478";"VO479";"VOALI";"VONAL_X_473"
"2000q1";66,1;65,4;27,9;NA;95,3;65,6;NA;NA;NA;NA;NA;NA;70,6;73,2;98,3;78;36,7;NA;142;87,6;NA;NA;NA;NA;NA;105,1;87,2
"2000q2";65,6;66,2;23,5;NA;89,7;72,1;NA;NA;NA;NA;NA;NA;69,3;73,9;97,4;78,7;30,8;NA;133,4;95;NA;NA;NA;NA;NA;103;87,8
"2000q3";68,4;72,3;39,9;NA;99,3;82;NA;NA;NA;NA;NA;NA;73,1;81,9;101;85,9;52,3;NA;146,9;105,5;NA;NA;NA;NA;NA;108,1;97,3
"2000q4";73,3;71,8;51,9;NA;104,3;75,7;NA;NA;NA;NA;NA;NA;77,9;84,9;107,7;85;67,8;NA;153,5;99,6;NA;NA;NA;NA;NA;114,8;100,4
"2000q5";69;78,9;51,3;NA;97,3;80,9;NA;NA;NA;NA;NA;NA;73,3;95,2;101,4;93,2;66,8;NA;143;106,2;NA;NA;NA;NA;NA;107,8;112,4
"2000q6";74,3;81,8;45,8;NA;97,1;84,9;NA;NA;NA;NA;NA;NA;77,6;86,9;108,9;96,5;59,5;NA;142,5;107,4;NA;NA;NA;NA;NA;113,9;102,7
"2000q7";68,9;80,9;35,4;NA;91,1;84,9;NA;NA;NA;NA;NA;NA;72,2;90,1;101,4;95,4;46,1;NA;134;108;NA;NA;NA;NA;NA;106,3;106,1
"2000q8";64,3;59,9;18,4;NA;83,3;81;NA;NA;NA;NA;NA;NA;67,2;69,9;94,7;70,7;23,9;NA;122,6;104,4;NA;NA;NA;NA;NA;98,9;82,4
"2000q9";73,3;75,2;22,1;NA;102,1;84,2;NA;NA;NA;NA;NA;NA;77,6;88;107,6;88,3;28,7;NA;150,1;106,6;NA;NA;NA;NA;NA;114,1;103,3
"2000q10";76,2;80,6;34,9;NA;110,5;85,5;NA;NA;NA;NA;NA;NA;81,4;94,6;111,7;94,4;45,1;NA;162,1;107,4;NA;NA;NA;NA;NA;119,5;110,6
"2000q11";74,5;80,8;28,1;NA;107,7;81;NA;NA;NA;NA;NA;NA;79,6;96,9;108,9;94,4;36,3;NA;157,5;101,8;NA;NA;NA;NA;NA;116,4;113,1
"2000q12";101,6;111,4;46,2;NA;152;83,6;NA;NA;NA;NA;NA;NA;109,3;126,9;147,3;129,9;59,4;NA;220,6;106,7;NA;NA;NA;NA;NA;158,7;147,8
"2001q1";69,3;68,6;27,3;NA;96,4;75,7;NA;NA;NA;NA;NA;NA;73,4;74,7;100,1;81;35,2;NA;139,2;103,3;NA;NA;NA;NA;NA;105,9;88,2
"2001q2";70;70,8;23,1;NA;89;73,1;NA;NA;NA;NA;NA;NA;72,9;76,2;100,4;85;30;NA;127,7;100,6;NA;NA;NA;NA;NA;104,3;91,3
"2001q3";73,5;74,6;39,9;NA;101,6;82,4;NA;NA;NA;NA;NA;NA;77,7;83,6;105;88,1;51,5;NA;145,3;114,3;NA;NA;NA;NA;NA;111;98,7
"2001q4";74,3;74,7;52,6;NA;105,1;79,4;NA;NA;NA;NA;NA;NA;78,8;87,3;105,4;87,6;67,3;NA;149,4;110,3;NA;NA;NA;NA;NA;112,1;102,5
"2001q5";71,2;80,2;52;NA;98,9;85,5;NA;NA;NA;NA;NA;NA;75,5;96,8;100,6;93,8;66,2;NA;139,8;116,8;NA;NA;NA;NA;NA;106,7;113,3
"2001q6";78,3;84,4;48;NA;99,2;85,6;NA;NA;NA;NA;NA;NA;81,2;89,6;110,3;98,6;60,9;NA;139,8;116,3;NA;NA;NA;NA;NA;114,6;104,5
"2001q7";70,6;83;35,8;NA;91,8;85,9;NA;NA;NA;NA;NA;NA;73,7;91,1;99,2;97,1;45,4;NA;129,1;121,3;NA;NA;NA;NA;NA;103,5;106,7
"2001q8";68,8;62,2;17,1;NA;85,4;79,3;NA;NA;NA;NA;NA;NA;71,1;71,7;96,8;73,5;21,8;NA;120,4;114,7;NA;NA;NA;NA;NA;100,2;84,7
"2001q9";74,2;75,8;22,5;NA;102;76,9;NA;NA;NA;NA;NA;NA;78,2;88,4;104,4;88,8;28,7;NA;143,8;110,7;NA;NA;NA;NA;NA;110,3;103,6
"2001q10";81,4;82,9;35,8;NA;112,7;82,6;NA;NA;NA;NA;NA;NA;86,1;96,1;114,1;96,3;45,2;NA;158;122,4;NA;NA;NA;NA;NA;120,8;111,6
"2001q11";77,4;81,6;29,4;NA;108,4;76;NA;NA;NA;NA;NA;NA;82;98,5;108,4;94,6;37,2;NA;151,9;113,6;NA;NA;NA;NA;NA;114,9;114,1
"2001q12";107,3;114,3;46,8;NA;153,9;75,3;NA;NA;NA;NA;NA;NA;114,4;128,4;149,4;132,4;58,9;NA;214,6;117,8;NA;NA;NA;NA;NA;159,5;148,9
"2002q1";72,1;71;27,8;NA;99;71,9;NA;NA;NA;NA;NA;NA;76,1;76,4;99,2;82,5;34,9;NA;136,3;121,7;NA;NA;NA;NA;NA;104,7;89
"2002q2";72,4;72,3;23;NA;90,7;68,4;NA;NA;NA;NA;NA;NA;75;77,4;99,5;85;29,1;NA;124,6;114,7;NA;NA;NA;NA;NA;103,1;91,1
"2002q3";79,2;77,1;41,8;NA;104,8;80,2;NA;NA;NA;NA;NA;NA;83,1;85,6;108,8;89,3;52,3;NA;144;130,9;NA;NA;NA;NA;NA;114,3;99
"2002q4";77,2;75,7;56,1;NA;105,3;79,8;NA;NA;NA;NA;NA;NA;81,4;88,4;105,3;86,7;69,5;NA;143,7;128;NA;NA;NA;NA;NA;111,1;101,2
"2002q5";73,7;83,2;53,6;NA;101;85,4;NA;NA;NA;NA;NA;NA;77,8;98,9;100,2;95,3;66,3;NA;137,4;135,7;NA;NA;NA;NA;NA;105,8;113,2
"2002q6";80,1;85,1;48;NA;101,5;79,5;NA;NA;NA;NA;NA;NA;83,1;90,2;109,1;97,4;59,5;NA;138,2;126,7;NA;NA;NA;NA;NA;113,3;103,1
"2002q7";75;84,7;38,6;NA;94,5;88,5;NA;NA;NA;NA;NA;NA;77,8;92,6;102,6;97;47,8;NA;129,2;142,5;NA;NA;NA;NA;NA;106,5;106,1
"2002q8";71,6;63;17,7;NA;86,6;78,8;NA;NA;NA;NA;NA;NA;73,6;71,8;97,9;72,7;22,1;NA;118,6;128,7;NA;NA;NA;NA;NA;100,7;82,9
"2002q9";75,6;75,8;22,8;NA;101,8;80,1;NA;NA;NA;NA;NA;NA;79,4;87,9;103,2;86,6;28,2;NA;139,1;127,7;NA;NA;NA;NA;NA;108,4;100,3
"2002q10";87,1;85,5;34,8;NA;114,4;87,6;NA;NA;NA;NA;NA;NA;91,1;97,3;118,4;97;42,8;NA;155,6;138,8;NA;NA;NA;NA;NA;123,9;110,5
"2002q11";82,5;83,5;28,8;NA;109,9;75,9;NA;NA;NA;NA;NA;NA;86,7;99,9;111,7;94,4;35,4;NA;148,9;121,4;NA;NA;NA;NA;NA;117,4;113
"2002q12";112,5;117,3;47,7;NA;156,7;81,6;NA;NA;NA;NA;NA;NA;119,1;130,9;151,8;132,4;58,4;NA;211,6;131,1;NA;NA;NA;NA;NA;160,8;147,8
"2003q1";75,4;72,9;28,3;NA;100,9;77,6;NA;NA;NA;NA;NA;NA;79,2;77,9;101,4;83,2;34,8;NA;135,8;122,5;NA;NA;NA;NA;NA;106,6;89
"2003q2";77,9;73,6;23,4;NA;93,7;76,5;NA;NA;NA;NA;NA;NA;79,9;78,1;104,6;85,1;29;NA;126;117,8;NA;NA;NA;NA;NA;107,6;90,3
"2003q3";82,4;77;39,1;NA;105,2;84,8;NA;NA;NA;NA;NA;NA;85,6;84,7;110,4;87,2;47,8;NA;141,2;126,9;NA;NA;NA;NA;NA;115;95,9
"2003q4";84,7;78,7;55,5;NA;112,3;86;NA;NA;NA;NA;NA;NA;88,7;91,3;113,1;88,4;67,5;NA;150,1;133,6;NA;NA;NA;NA;NA;118,5;102,8
"2003q5";79,3;86;54,5;NA;105,6;84,3;NA;NA;NA;NA;NA;NA;83,2;100,5;105,4;96,6;66,1;NA;140,4;134,9;NA;NA;NA;NA;NA;110,7;112,8
"2003q6";83,5;84,8;47,6;NA;102;81,2;NA;NA;NA;NA;NA;NA;86;88,5;110,4;95,1;57,6;NA;135,2;131,4;NA;NA;NA;NA;NA;114,1;99,2
"2003q7";78,1;86,7;38,3;NA;96;89,3;NA;NA;NA;NA;NA;NA;80,6;93,9;103,4;97,7;46,4;NA;127,1;143,3;NA;NA;NA;NA;NA;106,7;105,9
"2003q8";73,8;62,8;17;NA;86,8;78,6;NA;NA;NA;NA;NA;NA;75,6;69,5;97,4;71,5;20,7;NA;114,7;125,4;NA;NA;NA;NA;NA;99,7;79,2
"2003q9";80,5;77,3;23,1;NA;106,5;85;NA;NA;NA;NA;NA;NA;84,3;89,1;105,5;87,1;27,8;NA;139,8;133,1;NA;NA;NA;NA;NA;110,7;100,2
"2003q10";92,5;85,8;35,2;NA;117,2;86,1;NA;NA;NA;NA;NA;NA;96;96,3;120,5;96;42,2;NA;152,8;137,5;NA;NA;NA;NA;NA;125,2;107,7
"2003q11";83,7;82,3;28,8;NA;109;76,5;NA;NA;NA;NA;NA;NA;87,4;97,6;108,9;91,7;34,4;NA;142;121,2;NA;NA;NA;NA;NA;113,8;108,7
"2003q12";118,1;119,2;49,8;NA;160,4;84,5;NA;NA;NA;NA;NA;NA;124,3;131,1;153,2;132,9;59,5;NA;208,2;134,4;NA;NA;NA;NA;NA;161,4;146,1
"2004q1";80,9;76,9;27,6;NA;103,6;75,3;NA;NA;NA;NA;NA;NA;84,1;79,1;104,6;87,2;33,3;NA;134,3;120,4;NA;NA;NA;NA;NA;109,1;89,8
"2004q2";79,6;74,4;23,8;NA;91,6;73,9;NA;NA;NA;NA;NA;NA;81,1;77,1;103;84,7;28,8;NA;118,6;116,9;NA;NA;NA;NA;NA;104,8;87,9
"2004q3";83,6;77,9;40,6;NA;103,9;87,1;NA;NA;NA;NA;NA;NA;86,5;84,3;108,3;87,5;48,8;NA;134,6;134,9;NA;NA;NA;NA;NA;112,1;94,6
"2004q4";86,9;81,6;58,1;NA;110,3;87,6;NA;NA;NA;NA;NA;NA;90,2;91,5;112,4;90,8;69,1;NA;142,7;134,1;NA;NA;NA;NA;NA;116,7;101,8
"2004q5";76,7;83,8;54,9;NA;100,6;88,2;NA;NA;NA;NA;NA;NA;80,2;97,5;99;93;65,2;NA;129,8;130;NA;NA;NA;NA;NA;103,4;108,2
"2004q6";85,8;86,9;50,3;NA;102;92;NA;NA;NA;NA;NA;NA;87,9;90,2;110,4;96,5;59,7;NA;131,5;135;NA;NA;NA;NA;NA;113,4;100
"2004q7";79;87,6;38;NA;94,3;96,6;NA;NA;NA;NA;NA;NA;81;93,2;102,2;98;45,4;NA;122,2;141,5;NA;NA;NA;NA;NA;104,8;104,3
"2004q8";71,3;63,1;17;NA;84,1;86,2;NA;NA;NA;NA;NA;NA;73;69;92,5;71,1;20,5;NA;109,2;126,5;NA;NA;NA;NA;NA;94,8;77,8
"2004q9";79;77,3;23,1;NA;103,3;92;NA;NA;NA;NA;NA;NA;82,5;87,2;102,7;86;27,6;NA;134,3;132,4;NA;NA;NA;NA;NA;107,2;97,1
"2004q10";90,5;84,1;34,8;NA;112,7;92,2;NA;NA;NA;NA;NA;NA;93,7;93,4;117,9;92,7;41,3;NA;146,8;130,2;NA;NA;NA;NA;NA;122,1;102,9
"2004q11";83,1;83,1;30,4;NA;107,7;89,5;NA;NA;NA;NA;NA;NA;86,6;97,6;108,3;91,3;36,1;NA;140,5;126;NA;NA;NA;NA;NA;113;107,1
"2004q12";118,6;119,8;51,2;NA;157,8;96,8;NA;NA;NA;NA;NA;NA;124,4;129,8;154,5;131,6;60,8;NA;205,9;136,7;NA;NA;NA;NA;NA;162,3;142,6
"2005q1";74,2;75,1;28,2;NA;101,9;78,1;NA;NA;NA;NA;NA;NA;77,8;80,3;96,5;84,2;34;NA;132,7;114,3;NA;NA;NA;NA;NA;101,5;90,1
"2005q2";73,3;76,7;36,2;NA;92,2;79,6;NA;NA;NA;NA;NA;NA;75,9;78,3;95,1;86,7;43,6;NA;119,7;113,6;NA;NA;NA;NA;NA;98,5;88,5
"2005q3";87,1;71,8;34,2;NA;102,4;98,8;NA;NA;NA;NA;NA;NA;89,3;85,5;113,1;79,7;40,8;NA;132,9;133,9;NA;NA;NA;NA;NA;115,9;94,7
"2005q4";85,3;73,8;40,2;NA;100,3;95,2;NA;NA;NA;NA;NA;NA;87,4;90,9;110,4;80,9;47,6;NA;130,1;126,1;NA;NA;NA;NA;NA;113,4;99,5
"2005q5";79,7;79,9;41,5;NA;104,7;99,8;NA;NA;NA;NA;NA;NA;83;90,9;103,1;87,5;49,1;NA;135,5;134;NA;NA;NA;NA;NA;107,4;99,4
"2005q6";84,9;72;47,7;NA;100,6;100,4;NA;NA;NA;NA;NA;NA;87,1;89,7;109,6;78,9;56,3;NA;130,1;133;NA;NA;NA;NA;NA;112,6;98,1
"2005q7";86,3;86;34;NA;106,8;105,9;NA;NA;NA;NA;NA;NA;89,2;93,9;112,1;95,2;40,4;NA;138,7;136;NA;NA;NA;NA;NA;115,8;104
"2005q8";83,5;65,4;21,1;NA;96,6;99,5;NA;NA;NA;NA;NA;NA;85,4;77,4;108,3;73,1;25,2;NA;125,4;129,1;NA;NA;NA;NA;NA;110,8;86,4
"2005q9";85,9;85,2;39,1;NA;100,8;107,8;NA;NA;NA;NA;NA;NA;88;91,1;111,6;93,8;46,4;NA;131;132,4;NA;NA;NA;NA;NA;114,4;100,2
"2005q10";87,5;76,5;37,4;NA;109,4;106,4;NA;NA;NA;NA;NA;NA;90,5;98,2;113,6;83,4;44,1;NA;142,1;128,3;NA;NA;NA;NA;NA;117,4;107,1
"2005q11";86;84,2;52,8;NA;99,2;97,6;NA;NA;NA;NA;NA;NA;87,9;83,8;111,6;91,6;62,2;NA;128,8;124,1;NA;NA;NA;NA;NA;114,2;91,1
"2005q12";113,7;157;45,8;NA;147,6;102,7;NA;NA;NA;NA;NA;NA;118,2;130;147;170,6;53,8;NA;191,1;132,7;NA;NA;NA;NA;NA;152,9;141,2
"2006q1";74,8;76,9;29,1;NA;102,2;91;NA;NA;NA;NA;NA;NA;78,4;81,6;96,5;85,6;34,7;NA;132;116,7;NA;NA;NA;NA;NA;101,3;90,9
"2006q2";75,1;80;36,4;NA;93,2;90,8;NA;NA;NA;NA;NA;NA;77,7;80;96,6;89,7;43,5;NA;119,9;115,8;NA;NA;NA;NA;NA;100;89,8
"2006q3";86,3;71;33,8;NA;98,7;105,5;NA;NA;NA;NA;NA;NA;88,2;85,9;110,9;78,1;39,9;NA;126,9;133,1;NA;NA;NA;NA;NA;113,5;94,3
"2006q4";88,5;76,7;39;NA;103,7;100,3;NA;NA;NA;NA;NA;NA;90,7;90,2;113,7;83,4;45,7;NA;133,4;123,8;NA;NA;NA;NA;NA;116,6;98
"2006q5";82,1;80,1;44,4;NA;106,5;112,2;NA;NA;NA;NA;NA;NA;85,3;92,6;104,9;86,9;51,9;NA;136,3;134,7;NA;NA;NA;NA;NA;109,2;100,4
"2006q6";88;73,5;51,4;NA;102,2;110,5;NA;NA;NA;NA;NA;NA;90,1;91,4;112,2;79,9;60,1;NA;130,3;132,6;NA;NA;NA;NA;NA;115;99,3
"2006q7";89,2;90,2;34,8;NA;107,4;113,6;NA;NA;NA;NA;NA;NA;91,8;97;113,6;99,4;41;NA;136,8;134,6;NA;NA;NA;NA;NA;116,9;106,7
"2006q8";86,9;69;22,4;NA;99,4;106,9;NA;NA;NA;NA;NA;NA;88,7;79,3;110,3;76,8;26,6;NA;126,3;128,5;NA;NA;NA;NA;NA;112,9;88,2
"2006q9";88,8;88,2;39,1;NA;101,8;104,2;NA;NA;NA;NA;NA;NA;90,7;94,2;112,5;96,3;45,7;NA;129;129,7;NA;NA;NA;NA;NA;114,9;102,9
"2006q10";92,3;75,3;39,9;NA;109,2;102;NA;NA;NA;NA;NA;NA;94,7;97,9;116,6;81,6;46,5;NA;138,1;132,3;NA;NA;NA;NA;NA;119,7;106
"2006q11";90,1;89,6;55,2;NA;101,2;95,6;NA;NA;NA;NA;NA;NA;91,8;86,3;113,7;97;64;NA;127,9;124,2;NA;NA;NA;NA;NA;115,9;93,5
"2006q12";114,7;165,3;44,8;NA;150,5;99,9;NA;NA;NA;NA;NA;NA;119,5;133;144,4;178,9;52;NA;189,7;129,6;NA;NA;NA;NA;NA;150,6;144
"2007q1";76,1;80,5;29,5;NA;103;91,1;NA;NA;NA;NA;NA;NA;79,7;84,4;95,5;89,7;34,8;NA;129,2;120,5;NA;NA;NA;NA;NA;100,1;93,9
"2007q2";74,7;82,3;39,2;NA;93;85,6;NA;NA;NA;NA;NA;NA;77,2;81,7;93,8;91,9;46,2;NA;116,9;114;NA;NA;NA;NA;NA;96,9;91,3
"2007q3";89,9;75,7;32,9;NA;102,9;99,7;NA;NA;NA;NA;NA;NA;91,9;89,5;112,8;82,5;38,3;NA;129,1;129,7;NA;NA;NA;NA;NA;115,3;97,5
"2007q4";87,8;74,6;41,2;NA;100,4;107,2;NA;NA;NA;NA;NA;NA;89,7;90,9;109,7;80,3;47,5;NA;125,7;125,4;NA;NA;NA;NA;NA;112,2;97,8
"2007q5";86;84,1;46,2;NA;107,7;107,4;NA;NA;NA;NA;NA;NA;88,9;93,9;107;90,3;53,1;NA;134,2;134,4;NA;NA;NA;NA;NA;110,7;100,7
"2007q6";89,9;77,1;53,3;NA;102,6;107,1;NA;NA;NA;NA;NA;NA;91,9;94,3;111,7;82,9;61,3;NA;127,7;131,5;NA;NA;NA;NA;NA;114,4;101,2
"2007q7";88,4;91,7;36;NA;107,4;114;NA;NA;NA;NA;NA;NA;91;99,9;109,9;100,6;41,8;NA;133,6;138,5;NA;NA;NA;NA;NA;113,3;109,5
"2007q8";90,1;73,4;23,3;NA;98,1;103,7;NA;NA;NA;NA;NA;NA;91,4;80,3;111,7;81,1;27,2;NA;121,8;128,6;NA;NA;NA;NA;NA;113,5;88,6
"2007q9";90;86,9;37,5;NA;100,7;101,8;NA;NA;NA;NA;NA;NA;91,7;94,7;110,8;93,9;43;NA;124,1;124,6;NA;NA;NA;NA;NA;113;102,3
"2007q10";90,8;79,8;41,4;NA;110,8;112,3;NA;NA;NA;NA;NA;NA;93,7;101;110,9;85,3;47;NA;135,4;135,7;NA;NA;NA;NA;NA;114,4;108
"2007q11";94,2;95,2;55,5;NA;100,9;106,3;NA;NA;NA;NA;NA;NA;95,4;88,3;114,3;101,2;62,7;NA;122,6;124;NA;NA;NA;NA;NA;115,9;93,9
"2007q12";115,9;169,8;42,1;NA;149,9;109,5;NA;NA;NA;NA;NA;NA;120,4;132,3;140,1;180,2;47,5;NA;181,4;125,5;NA;NA;NA;NA;NA;145,7;140,3
"2008q1";76,9;80,2;30,3;NA;104,6;101,5;NA;NA;NA;NA;NA;NA;80,6;86,7;92,2;87,6;34,7;NA;125,5;117;NA;NA;NA;NA;NA;96,7;94,9
"2008q2";80,1;88,6;40,7;NA;96,3;103,4;NA;NA;NA;NA;NA;NA;82,3;85;95,8;97,3;46,6;NA;115,2;119,6;NA;NA;NA;NA;NA;98,4;93,2
"2008q3";92;76,9;32,4;NA;101;109;NA;NA;NA;NA;NA;NA;93,6;88,7;109,3;82;36,4;NA;120,2;122,1;NA;NA;NA;NA;NA;111,2;94,5
"2008q4";89,5;80,4;39,9;NA;97,4;114,6;NA;NA;NA;NA;NA;NA;90,9;90;105,9;85;44,5;NA;115,4;127,7;NA;NA;NA;NA;NA;107,6;95
"2008q5";91,5;88;46,7;NA;109,3;121,6;NA;NA;NA;NA;NA;NA;93,9;94,6;107,6;92,7;51,9;NA;128,8;127,9;NA;NA;NA;NA;NA;110,7;99,6
"2008q6";89,9;75,4;51,1;NA;100,2;122,7;NA;NA;NA;NA;NA;NA;91,5;92,3;105,3;79,1;56,5;NA;117,5;123,7;NA;NA;NA;NA;NA;107,2;97
"2008q7";92,6;94,1;34,8;NA;109,1;134;NA;NA;NA;NA;NA;NA;95;102,5;108,2;101,5;39;NA;127,7;133,9;NA;NA;NA;NA;NA;111;110,5
"2008q8";91,3;72;22,4;NA;95,5;112;NA;NA;NA;NA;NA;NA;92,2;77,9;106,6;78,2;25,2;NA;111,7;119,2;NA;NA;NA;NA;NA;107,7;84,6
"2008q9";91;87,3;38,3;NA;102,1;117,2;NA;NA;NA;NA;NA;NA;92,6;96,3;106;92,9;42,5;NA;119,1;126,3;NA;NA;NA;NA;NA;108;102,6
"2008q10";91,3;78,8;40,9;NA;109,2;113,9;NA;NA;NA;NA;NA;NA;93,8;98,7;106,1;82,8;45;NA;127,1;130,4;NA;NA;NA;NA;NA;109,2;103,7
"2008q11";94,9;93,6;54,5;NA;97,8;91,5;NA;NA;NA;NA;NA;NA;95,7;86,7;110,2;98,4;60;NA;113,8;114,7;NA;NA;NA;NA;NA;111,2;91,1
"2008q12";114,1;168,3;41,2;NA;147,3;95,8;NA;NA;NA;NA;NA;NA;118,5;129,9;132,4;177,1;45,4;NA;171,1;130,4;NA;NA;NA;NA;NA;137,6;136,8
"2009q1";78,3;83,3;30,6;NA;95,2;79,1;NA;NA;NA;NA;NA;NA;80,7;88,4;90,7;91,1;34,4;NA;110,3;111,4;NA;NA;NA;NA;NA;93,5;96,7
"2009q2";78,1;85,9;38,9;NA;92,3;80,7;NA;NA;NA;NA;NA;NA;80,1;81,3;90,6;93,8;43,8;NA;107,1;112,1;NA;NA;NA;NA;NA;92,9;88,8
"2009q3";87,7;76,3;32,6;NA;97,7;87,9;NA;NA;NA;NA;NA;NA;89,2;86,8;101,5;80,8;36,1;NA;113,2;123,1;NA;NA;NA;NA;NA;103,2;92,1
"2009q4";92,7;81,5;38,7;NA;99,1;91,1;NA;NA;NA;NA;NA;NA;93,8;88,8;107,2;85,5;42,5;NA;114,6;125,5;NA;NA;NA;NA;NA;108,5;93,2
"2009q5";90,3;90,5;44,8;NA;105,3;92,6;NA;NA;NA;NA;NA;NA;92,4;92,9;104;94,8;49,1;NA;121,3;124,9;NA;NA;NA;NA;NA;106,5;97,4
"2009q6";89,8;76,6;51,9;NA;99,3;99,3;NA;NA;NA;NA;NA;NA;91,3;93,5;103,6;80,2;56,8;NA;114,6;128,6;NA;NA;NA;NA;NA;105,4;97,9
"2009q7";91;92,5;33,7;NA;108,1;106,2;NA;NA;NA;NA;NA;NA;93,5;101,9;105;99,9;37,6;NA;125;139,4;NA;NA;NA;NA;NA;108;110
"2009q8";89,2;69,9;21,9;NA;92;93,5;NA;NA;NA;NA;NA;NA;90;76,6;103,3;75,6;24,5;NA;106,6;121,2;NA;NA;NA;NA;NA;104,2;82,8
"2009q9";90,9;85,6;36,8;NA;98,1;97,6;NA;NA;NA;NA;NA;NA;92,2;94,3;105,3;90,2;40,5;NA;113,8;127,3;NA;NA;NA;NA;NA;106,8;99,3
"2009q10";93,1;83,2;40,9;NA;109,3;98,2;NA;NA;NA;NA;NA;NA;95,4;101,2;107,8;86,7;44,8;NA;126,8;128,8;NA;NA;NA;NA;NA;110,6;105,6
"2009q11";92,6;95,1;56,1;NA;97,7;89,6;NA;NA;NA;NA;NA;NA;93,6;86,5;107,1;98,7;61,4;NA;113,2;114,9;NA;NA;NA;NA;NA;108,3;90
"2009q12";116;179,9;41,4;NA;147,7;101,1;NA;NA;NA;NA;NA;NA;120,2;132,3;134,4;186,7;45,2;NA;171,2;130,8;NA;NA;NA;NA;NA;139,4;137,2
"2010q1";85,8;94,3;35,8;NA;93,5;84,6;NA;NA;NA;NA;NA;NA;87;92,9;99,1;102,3;40;NA;108,2;107,2;NA;NA;NA;NA;NA;100,6;100,7
"2010q2";79,7;68,8;37,3;NA;90,9;86,4;NA;NA;NA;NA;NA;NA;81,3;75,3;92,2;74,9;41,8;NA;105,3;109,4;NA;NA;NA;NA;NA;94,1;81,8
"2010q3";91,4;79,7;45;NA;105,2;105,6;NA;NA;NA;NA;NA;NA;93,3;90,3;105,7;83,4;49,5;NA;121,8;128;NA;NA;NA;NA;NA;108;94,5
"2010q4";88,1;80,9;37,6;NA;106,8;105,3;NA;NA;NA;NA;NA;NA;90,7;91,3;102;83,4;41;NA;123,7;125,4;NA;NA;NA;NA;NA;105;94
"2010q5";89,6;95,6;38,4;NA;101,9;104,8;NA;NA;NA;NA;NA;NA;91,4;95,9;103,7;98,5;41,7;NA;118;123,2;NA;NA;NA;NA;NA;105,8;98,5
"2010q6";87,2;84,1;40,6;NA;99,4;107,4;NA;NA;NA;NA;NA;NA;89;89,7;100,7;86,5;44,1;NA;115,1;126,9;NA;NA;NA;NA;NA;103;92,1
"2010q7";94,1;88,4;37,5;NA;99,8;116,2;NA;NA;NA;NA;NA;NA;95,2;99,9;108,9;94,4;41,5;NA;115,5;138,3;NA;NA;NA;NA;NA;110,2;106,5
"2010q8";88;76,4;28,3;NA;96,4;100,9;NA;NA;NA;NA;NA;NA;89,4;81,7;101,6;81,5;31,4;NA;111,3;122;NA;NA;NA;NA;NA;103,1;87,2
"2010q9";89,3;90,1;43,5;NA;101,5;105,1;NA;NA;NA;NA;NA;NA;91;95,3;103;93,7;47,5;NA;117,1;125,7;NA;NA;NA;NA;NA;105,1;99
"2010q10";94,1;105,8;42,9;NA;108,3;103,7;NA;NA;NA;NA;NA;NA;96,1;106,9;108,4;108,1;46,3;NA;124,8;124,1;NA;NA;NA;NA;NA;110,7;109,3
"2010q11";89,5;99,2;47,2;NA;98,4;100,8;NA;NA;NA;NA;NA;NA;90,9;98,9;102,9;101,1;51;NA;113,2;118,6;NA;NA;NA;NA;NA;104,5;100,8
"2010q12";117,4;160,8;49,3;NA;142,8;113,2;NA;NA;NA;NA;NA;NA;120,8;134;134,7;163,6;53,1;NA;164,1;128,3;NA;NA;NA;NA;NA;138,8;136,2
"2011q1";84,7;95;35,8;NA;93,2;96,8;NA;NA;NA;NA;NA;NA;86;94,5;96,2;102,2;39,7;NA;106,1;107;NA;NA;NA;NA;NA;97,8;101,5
"2011q2";79,1;68,1;36,8;NA;91,9;101,9;NA;NA;NA;NA;NA;NA;81;77;89,7;73,7;40,7;NA;104,2;110,4;NA;NA;NA;NA;NA;91,7;83,2
"2011q3";88,8;78;47,1;NA;102,4;115,4;NA;NA;NA;NA;NA;NA;90,7;91;100,4;79,9;50,5;NA;115,8;121,3;NA;NA;NA;NA;NA;102,6;93
"2011q4";93,5;81,1;38,4;NA;111,1;117,7;NA;NA;NA;NA;NA;NA;95,9;95,4;105,6;81,8;40,9;NA;125,7;122;NA;NA;NA;NA;NA;108,4;96,3
"2011q5";88,1;93,8;38,1;NA;102,6;118,1;NA;NA;NA;NA;NA;NA;90;97,5;98,8;94,7;40,4;NA;115,2;123,1;NA;NA;NA;NA;NA;101,2;98,5
"2011q6";88,1;83,1;39,3;NA;99,2;118;NA;NA;NA;NA;NA;NA;89,7;90,4;98,8;84,1;41,7;NA;111,2;124,8;NA;NA;NA;NA;NA;100,6;91,2
"2011q7";92,3;85,9;38;NA;98,3;124,2;NA;NA;NA;NA;NA;NA;93,4;100,5;104,4;92,5;42;NA;111,1;127,7;NA;NA;NA;NA;NA;105,5;108,1
"2011q8";88,9;73,1;29;NA;95,9;120,5;NA;NA;NA;NA;NA;NA;90,1;82,4;100,5;79;32;NA;108,5;122,8;NA;NA;NA;NA;NA;102;89,1
"2011q9";90,4;87,5;44,1;NA;99,6;120,8;NA;NA;NA;NA;NA;NA;91,9;94,1;102;88,5;46,9;NA;112,4;123,1;NA;NA;NA;NA;NA;103,7;95,2
"2011q10";95,3;99,2;44,3;NA;109,7;118,4;NA;NA;NA;NA;NA;NA;97,3;107,4;107;99;46,8;NA;123,1;120,4;NA;NA;NA;NA;NA;109,3;107,2
"2011q11";89,2;91,6;46,4;NA;97,9;112,2;NA;NA;NA;NA;NA;NA;90,7;97,5;99,4;91,2;48,6;NA;109,1;113;NA;NA;NA;NA;NA;100,9;97,2
"2011q12";114,9;148;46,9;NA;138,9;125,3;NA;NA;NA;NA;NA;NA;118,1;130,5;127,9;147,5;49,2;NA;154,7;119,3;NA;NA;NA;NA;NA;131,5;129,9
"2012q1";85,4;92,6;37,5;NA;92,4;114,3;NA;NA;NA;NA;NA;NA;86,6;94,6;94,8;98,1;40,6;NA;102,5;106,5;NA;NA;NA;NA;NA;96,1;100,1
"2012q2";82,4;67,8;37,8;NA;91,3;100,9;NA;NA;NA;NA;NA;NA;83,8;76,6;90,7;72;41;NA;100,6;92,2;NA;NA;NA;NA;NA;92,2;81,4
"2012q3";92,6;77,3;47,1;NA;103,9;127,4;NA;NA;NA;NA;NA;NA;94,2;92,1;101,9;77,5;49,3;NA;114,5;113,5;NA;NA;NA;NA;NA;103,9;92,2
"2012q4";89,9;78,9;37,8;NA;101,8;120;NA;NA;NA;NA;NA;NA;91,7;90;99,2;78,1;39,4;NA;112,4;106;NA;NA;NA;NA;NA;101,3;89,2
"2012q5";89,4;90,6;39,3;NA;100,6;126,5;NA;NA;NA;NA;NA;NA;91,1;96,2;98,2;89,8;41;NA;110,7;114;NA;NA;NA;NA;NA;100,2;95,6
"2012q6";91,1;85,1;39,2;NA;97,4;127,5;NA;NA;NA;NA;NA;NA;92,3;89,9;99,3;84,3;40,6;NA;106,3;117,2;NA;NA;NA;NA;NA;100,7;89,3
"2012q7";91,5;82,9;38,5;NA;94,1;131,5;NA;NA;NA;NA;NA;NA;92,2;97,6;100,6;86,9;41,4;NA;103,7;122,1;NA;NA;NA;NA;NA;101,6;102,3
"2012q8";90,1;71,3;31;NA;93,5;127,3;NA;NA;NA;NA;NA;NA;90,9;82,1;99,2;75,7;33,6;NA;103,2;114,5;NA;NA;NA;NA;NA;100,2;87,2
"2012q9";91,9;86,7;48;NA;97,7;120,4;NA;NA;NA;NA;NA;NA;93;94,9;100,7;86,1;50;NA;107,3;104,9;NA;NA;NA;NA;NA;102,1;94,3
"2012q10";92,3;92,4;45,7;NA;102,5;128,3;NA;NA;NA;NA;NA;NA;93,8;103,3;100,7;91,4;47,3;NA;112,1;113,4;NA;NA;NA;NA;NA;102,7;102,1
"2012q11";89,1;88,6;48;NA;95,4;113,7;NA;NA;NA;NA;NA;NA;90,1;96,1;96,8;87,5;49,6;NA;103,9;102,9;NA;NA;NA;NA;NA;98,1;94,8
"2012q12";113,4;145,5;47,5;NA;132,4;117,5;NA;NA;NA;NA;NA;NA;116;128,6;123,1;143,5;49,1;NA;143,8;107,1;NA;NA;NA;NA;NA;126,1;126,7
"2013q1";83,5;91,6;39,1;NA;90,4;106,1;NA;NA;NA;NA;NA;NA;84,6;92,6;89,8;96,3;41,6;NA;97,3;97,1;NA;NA;NA;NA;NA;91,1;97,5
"2013q2";79,4;65,9;40;NA;87,6;103,8;NA;NA;NA;NA;NA;NA;80,7;74,3;85,5;69,8;42,8;NA;94,3;94,3;NA;NA;NA;NA;NA;86,8;78,6
"2013q3";95,1;74,5;46,1;NA;98,9;117,8;NA;NA;NA;NA;NA;NA;96;88,3;102,7;74;47,6;NA;106,7;107,1;NA;NA;NA;NA;NA;103,5;87,7
"2013q4";85,8;77,3;38,6;NA;99;114,2;NA;NA;NA;NA;NA;NA;87,7;90;92,2;76,1;39,7;NA;106,5;106,6;NA;NA;NA;NA;NA;94,3;88,6
"2013q5";89,9;89,5;41,8;NA;99,3;114,6;NA;NA;NA;NA;NA;NA;91,3;97;96,1;88,3;42,9;NA;106,2;109,5;NA;NA;NA;NA;NA;97,7;95,8
"2013q6";88,8;82,5;40,5;NA;96;111,5;NA;NA;NA;NA;NA;NA;90;89,6;94,4;81,4;41,5;NA;102,2;105,6;NA;NA;NA;NA;NA;95,7;88,4
"2013q7";91,2;82,4;39,1;NA;94,9;125,4;NA;NA;NA;NA;NA;NA;92,1;97,3;97,7;86,3;41,5;NA;101,8;117,7;NA;NA;NA;NA;NA;98,7;101,8
"2013q8";91,5;72,9;31;NA;94,3;116,4;NA;NA;NA;NA;NA;NA;92,2;83,6;98,5;77,2;33,2;NA;101,7;108,1;NA;NA;NA;NA;NA;99,3;88,5
"2013q9";90;82,2;51,1;NA;95,2;113,8;NA;NA;NA;NA;NA;NA;90,9;92,7;97,1;81,5;52,7;NA;102,7;104,4;NA;NA;NA;NA;NA;98,1;91,9
"2013q10";92,2;93,4;45,5;NA;100,9;117,3;NA;NA;NA;NA;NA;NA;93,6;101,8;99,6;91,8;46,8;NA;109;111,1;NA;NA;NA;NA;NA;101,2;100
"2013q11";91,3;90,9;47,5;NA;94,6;103,7;NA;NA;NA;NA;NA;NA;92,1;97;98,5;89,3;48,8;NA;102,2;99,7;NA;NA;NA;NA;NA;99,3;95,3
"2013q12";110,3;141,5;51,9;NA;129,3;113,5;NA;NA;NA;NA;NA;NA;113;126,6;118;139,2;53,2;NA;138,6;106,7;NA;NA;NA;NA;NA;121;124,5
"2014q1";84,4;91,8;41,6;NA;90,4;101,2;NA;NA;NA;NA;NA;NA;85,4;93,4;89,8;96,7;44,1;NA;96,2;96,2;NA;NA;NA;NA;NA;91;98,3
"2014q2";79,1;67,8;40,4;NA;88,6;96,9;NA;NA;NA;NA;NA;NA;80,5;74,9;84,5;72,2;43,1;NA;94,9;92,4;NA;NA;NA;NA;NA;86,2;79,5
"2014q3";89,2;75,2;47,9;NA;97,1;107;NA;NA;NA;NA;NA;NA;90,4;88,5;95,8;74,8;49,4;NA;104,3;102,4;NA;NA;NA;NA;NA;97;87,9
"2014q4";91,7;78,8;40,5;NA;103,4;109,7;NA;NA;NA;NA;NA;NA;93,4;91,7;98,5;77,6;41,5;NA;111,1;104,9;NA;NA;NA;NA;NA;100,4;90,2
"2014q5";89,8;89,5;44,6;NA;99,8;112,2;NA;NA;NA;NA;NA;NA;91,3;98,5;96,3;88,3;45,7;NA;107,1;108,3;NA;NA;NA;NA;NA;98;97,1
"2014q6";87,6;82,1;42,3;NA;92,8;109,2;NA;NA;NA;NA;NA;NA;88,5;89,5;93,8;81,1;43,4;NA;99,4;103,8;NA;NA;NA;NA;NA;94,9;88,3
"2014q7";89,9;79,9;41;NA;95,4;120,9;NA;NA;NA;NA;NA;NA;90,9;99,4;97,1;84;43,7;NA;103,2;114,4;NA;NA;NA;NA;NA;98,2;104,4
"2014q8";88,7;71;33,4;NA;93,6;109,5;NA;NA;NA;NA;NA;NA;89,6;84,5;95,8;75,7;35,9;NA;101,3;104,4;NA;NA;NA;NA;NA;96,9;90
"2014q9";89,9;81,9;52,1;NA;95,2;113,3;NA;NA;NA;NA;NA;NA;90,9;94,2;97,1;81,1;53,9;NA;102,9;108,6;NA;NA;NA;NA;NA;98,3;93,3
"2014q10";91,9;92,4;47,8;NA;100,8;114,7;NA;NA;NA;NA;NA;NA;93,3;103,3;99,3;90,9;49,2;NA;108,9;111,5;NA;NA;NA;NA;NA;100,8;101,5
"2014q11";90,5;91,1;50,1;NA;93,7;97,2;NA;NA;NA;NA;NA;NA;91,3;98,7;97,2;89,7;51,4;NA;100,6;96,9;NA;NA;NA;NA;NA;98,1;97,3
"2014q12";110,9;140,3;56;NA;130,1;106,1;NA;NA;NA;NA;NA;NA;113,5;129,4;119,1;138,4;57,6;NA;140;110,4;NA;NA;NA;NA;NA;122,1;127,5
"2015q1";87,2;84,7;32,9;87;91;86,1;108,7;90;101,6;105,2;107,3;47;88;94,1;92,8;89,6;35;92,6;96,9;96,6;107,1;89;115,3;117,2;49,9;93,6;99,6
"2015q2";81,1;65,9;33,5;79,8;86,4;83,2;88,8;79,9;82,6;85,9;98,3;52;82;79,6;85,9;70,1;35,7;84,6;91,6;91,7;87,2;79,2;94,9;107,8;55,4;86,9;84,6
"2015q3";90,7;79,3;39;89,7;100,4;99,2;93,9;91,2;91,4;98,3;110,1;57,3;92,3;90,5;96,2;78,8;40,1;95,2;106,6;104,7;92,3;90,1;98;113,4;57,1;97,9;90
"2015q4";90,3;79,2;31,2;89,3;101,4;102,1;89,4;91,2;90,2;106,3;110,5;48,1;92;93,4;95,9;77,9;31,9;94,8;107,7;108;87,7;89,7;104,3;112,5;47,3;97,7;91,7
"2015q5";91,1;89,3;42,9;90,9;97,5;100,9;91,9;98,5;95,2;110,1;113,2;58,3;92,2;99,1;96,6;87,8;43,8;96,5;103,5;104,6;90,4;96,8;108,1;115,5;57,5;97,8;97,4
"2015q6";89,6;82,4;52,2;89;97,9;107;94,3;93;97,3;103,6;111,4;65,2;91;95,1;94,9;81,1;53,3;94,3;103,7;110,6;92,6;91,6;101,7;113,3;64,3;96,4;93,6
"2015q7";95,6;94,5;43,4;95,5;103,8;116,5;103,7;101,3;110;116,8;119,2;58,4;97;104,8;102,5;99,3;46,1;102,5;111,3;122;102,4;100,4;126,5;130,1;61,6;104;110,2
"2015q8";94,3;84,3;37,3;93,5;99;99;85,8;87,5;100,6;92,1;100,9;45,7;94,9;85,9;100,9;90;40;100;105,8;108,4;85,1;87;101,9;111,3;48,8;101,6;91,6
"2015q9";91,4;89,5;53,9;91,3;98,6;96,4;101,3;94,4;116,6;102,1;114,8;66,4;92,7;96,8;97,3;88,6;55,3;97,2;105;107,9;99,6;93;101;117,8;65,8;98,7;95,8
"2015q10";94;100,6;50,5;94,6;103,6;96,2;103,3;105,6;106,5;115,1;119,7;67,9;95,6;106,1;99,7;98,5;51,4;100,3;109,9;108,9;101;103,5;112,3;121,5;66,6;101,4;103,8
"2015q11";88;91,1;60,7;88,3;94,1;89;100,8;103,6;101,2;105,8;112,5;76,1;89,2;100,7;93;89,3;61,6;93,4;99,4;101,7;98,6;101,4;103,3;114,3;74,6;94,2;98,5
"2015q12";109,5;124,9;76,1;110,8;126,4;97;137,4;124,8;157,1;138,1;152,2;84,7;112,4;130;116,3;122,4;77,5;117,7;134,2;112,8;134;122,6;134,9;154,9;83,1;119,4;127,3
"2016q1";87;87,7;31;87;87,8;77,4;105,6;89,1;103,2;102,9;103,8;43;87,4;92,5;92,2;91,9;32,8;92,5;93,2;93,8;103;87,8;111,3;112,8;45,1;92,8;96,9
"2016q2";83,5;68,5;34,2;82,2;89,2;78,9;91,5;83,2;84,4;88,9;100,1;51,9;84,5;82,1;88,8;72,4;36,3;87,4;94,9;98,3;89,4;82;97,3;109,6;54,9;89,9;86,7
"2016q3";93,9;81,7;39,6;92,8;103,9;87,8;95,6;91,4;93,5;100,6;112,1;55,2;95,4;91,9;100,2;80,6;40,6;99;110,8;108,1;92,8;90;99,4;115,3;54,5;101,8;90,6
"2016q4";89,1;81,4;30,6;88,4;100,4;87,5;90,3;92,6;108,5;107,9;109,9;45,3;90,8;95,5;94,7;79,5;31,2;94;106,7;106,1;88;90,6;105,2;112;44,3;96,5;93,3
"2016q5";89,8;87,5;44,8;89,6;95,4;93,4;91,4;97,6;93,5;109;109,3;59,3;90,9;98,1;95,1;85,5;45,5;94,9;101;110,2;88,7;95,5;106,2;111;58;96,2;95,8
"2016q6";90;85,4;54,8;89,6;95,4;95,3;95;94,3;98,9;105,3;111,1;64,9;91,1;96,5;95,1;83,5;55,6;94,7;100,8;108,8;92,6;92,7;102,7;112,8;63,6;96,2;94,4
"2016q7";96,5;96,4;43,9;96,5;97,5;99,6;101,3;101,8;111;116,5;116,1;55,4;97,1;104,5;102,8;100,9;46,4;102,8;103,9;115;99,5;99,9;125,9;126,2;58;103,4;109,3
"2016q8";93,9;85,6;40,6;93,2;102,5;93,4;85,7;87,7;101,7;94,1;101,4;47,8;95,1;87,4;99,7;91;43,3;98,9;108,8;111,3;84,3;86,7;103,7;111,4;50,8;100,9;92,8
"2016q9";91;89,6;56,7;90,9;94,4;95,2;100,3;92,5;131,4;101,3;111,9;66,5;91,8;97;96,8;88,4;58,1;96,8;100,4;111;98,2;90,8;100;114,9;65,6;97,7;95,6
"2016q10";94,3;102;52;94,9;102,8;93;101,2;106,1;104;114,9;115,5;65,4;95,7;105,6;100,3;99,7;52,9;101;109,2;107,1;98,9;103,9;111,9;117,2;64;101,8;103,1
"2016q11";88,7;93,5;66;89,2;95,6;90;101,9;104,4;100,6;107,8;111,9;79,7;90;102,5;93,8;91,6;67;94,2;101;103,3;99,9;102,3;105,1;113,4;78,1;95,1;100,2
"2016q12";108,9;127,4;80,5;110,5;130;95,8;136,3;124,7;155,3;138,4;149;86,3;112,1;130,3;114,6;124,6;81,6;116,4;136,8;108,9;133,4;122,4;134,9;150,6;84,5;117,9;127,4
"2017q1";88,6;88,3;34,9;88,6;86,6;88,3;104,5;88,5;103,9;103,5;101,6;46,5;88,7;93,1;91,8;92,5;36,4;91,8;89,8;97,3;102,6;87,5;111,3;108,4;48,9;91,9;97,6
"2017q2";83;76,9;34,9;82,5;87,7;87,4;88,9;81,3;83,4;88,3;97,9;54,1;83,9;82,1;84,9;81,4;36,4;84,4;89,8;95,1;87,2;80,3;96,5;104,6;57,4;85,8;86,9
"2017q3";92,8;83,1;44,9;92;101,6;99,3;94,9;91,4;93,9;101,8;109,9;60,9;94,2;93,3;96,1;81,9;45,4;95,3;105,3;108,6;92,8;89,7;100,7;111,4;60,3;97,6;91,9
"2017q4";94,1;81,2;30,1;93;97,7;92;87,4;89,5;104,9;106,6;102,5;44,1;94,8;93,7;98;79,1;30,3;96,9;101,7;100,5;85,6;87,8;103,6;103,1;43,1;98,7;91,3
"2017q5";91,2;89,7;52,9;91;97,1;99,8;93,6;99;94,7;112,3;110,3;66,7;92,3;101,3;94,7;87,5;53,2;94,5;100,8;110,9;91,9;97,1;109,3;110,8;65,2;95,8;98,7
"2017q6";92,3;85,4;59,6;91,7;95,8;99,6;97,3;94,6;100,2;107,1;109,7;69,4;93,1;98,2;96,5;83,4;60,3;96;100,3;111,9;95,9;92,9;104,3;110,7;68;97,4;96
"2017q7";96,8;98,1;52,1;96,9;95,9;98,8;99,8;101,1;110;115,3;112,4;62;97;104,5;102,1;102,7;54,9;102,2;101;112,5;98,5;99,7;124,1;121,3;65,1;102,4;109,4
"2017q8";95,6;87,2;45;94,9;98,5;96,6;86,7;87,9;100,4;93,1;98,3;51;96,1;87,3;100,7;92,5;47,7;99,9;103,7;109,9;85,5;86,9;101,9;107,1;54,1;101,2;92,6
"2017q9";95,2;94,9;63,3;95,1;96,3;94,1;102,1;96,6;133,5;104,1;113,4;71;95,7;100,3;99,8;92,9;64,1;99,8;101;104,4;100,3;95;101,9;114,9;69,7;100,4;98,3
"2017q10";93,8;103,2;52,7;94,6;100,6;97,9;99,2;103,1;101,5;111,5;111,8;66,4;95;103,2;97,5;100,7;53,1;98,3;104,5;107,9;97,2;101,5;108,4;112,1;64,9;98,7;100,6
"2017q11";91,2;98,6;74;91,8;96,3;93,4;101,6;106;102,2;109,6;111,3;85,2;92,2;104,7;94,4;96,1;74,4;95,1;99,8;101,5;99,5;104,2;106,4;111,5;83,2;95,4;102,1
"2017q12";110,2;132,6;88,9;112,1;127,4;96,5;134,3;122,7;153,8;138;143,5;92,4;112,8;130,5;113,9;129,1;89,3;116;131,8;104,4;131,2;120,6;134;143,6;90,3;116,6;127,2
"2018q1";87,7;89,4;39,6;87,9;87,7;90,1;104,4;88,3;101,5;102;100,8;50,5;87,8;92,7;89,8;93;41;89,9;89,6;95,6;102,2;86,9;108,9;106,5;52,7;90;96,4
"2018q2";84,6;77,7;36,3;84;85,1;86,2;87;80,6;81,8;86,8;94,7;55;84,7;81,2;87,4;82,5;38,1;86,8;87,7;92,1;85,9;79,6;95,2;102,2;58,5;87,5;86,1
"2018q3";101,2;87,1;46,9;100;101,5;98,5;93,9;89,5;91,7;99,3;105,9;61,2;101,2;91,7;104,3;85,9;47,3;103;104,6;106,2;92,3;88,2;98,1;107;60,6;104,2;90,5
"2018q4";86,5;83,2;34,5;86,2;92;94,7;84,2;87,8;100,3;103,5;99,4;48,1;87,4;91,9;88,7;81;34,6;88,4;94,4;100,4;82,7;86,1;100,6;99;46,9;89,7;89,6
"2018q5";93,7;89,5;59,5;93,3;99,4;107,1;92,9;98,1;93,1;110,3;108,1;71,4;94,6;100,4;95,5;87,5;59,5;95,1;101,3;110,2;91,8;96,5;107,3;107,3;69,9;96,4;98
"2018q6";94,1;88,1;65,5;93,6;97,9;110,2;96,4;95,3;99,2;106,7;107,5;74,4;94,7;98,7;96,2;86;65,5;95,8;100,2;111,3;95,1;93,9;103,8;107;72,9;96,9;96,6
"2018q7";96,6;99,7;58,9;96,8;98,1;114;97,6;100,6;107,6;113,2;110,3;67,4;96,9;103,8;99,5;103,8;61,2;99,9;101,2;116,3;96,8;100,1;120,3;116,6;70,3;99,9;108,1
"2018q8";97,2;91,9;48,5;96,7;102,1;108,1;86,7;89,3;101,9;94,8;100,3;54,1;97,8;89,3;100,2;97,8;50,9;99,8;105,3;110,5;86;89,3;104,1;108,2;57,8;100,8;95,1
"2018q9";94;93,9;67,3;94;92,8;102,5;98,6;94,3;127,7;99,1;109,2;73,7;93,9;97,1;97;92,5;67,9;97,1;95,8;103,4;97,9;93,2;97,4;109,8;72,8;97;95,8
"2018q10";95,4;105,9;64;96,3;102,3;113,7;99,6;103,9;100,8;111,5;111;76,4;96,4;104,6;98,5;103,7;64,5;99,5;105,7;112,7;99,3;102,6;108,7;111,2;75;99,7;102,6
"2018q11";92;101,1;88,3;92,8;96,1;103,3;102,4;108,9;100,7;110;110,1;96,2;92,8;106,9;94,5;99,4;88,7;95,3;98,8;104,7;102,6;108,1;107,4;110;94,8;95,2;105
"2018q12";110,1;132,6;89,7;112;118,6;101,1;132,2;122,5;150,6;136,1;142,7;93,3;111,7;129,4;113,2;130,1;90,3;115,3;122,1;108,2;132,1;121,6;132,8;142,5;91,8;115;127,1
"2019q1";90,1;92,3;43,6;90,3;88,3;94;103;89;101,5;101,3;97,2;54,1;89,8;93;91,8;96,8;45,3;92;89,9;101,9;103;88,6;108,7;102,6;56,9;91,4;97,7
"2019q2";84;78,8;41,5;83,5;86,5;90,2;86,4;81,4;81,7;88,8;94,7;59,2;84,4;82,9;85,1;84;43,3;84,8;87,7;95,3;86,3;81,3;97,4;101;63,2;85,6;88,4
"2019q3";94,3;85,8;51,3;93,6;96,1;101;91,9;89,1;91;98,8;103,9;64,5;94,6;91,5;96,2;85;51,6;95,5;97,9;104,6;91,6;88,5;97,6;104,2;64,1;96,5;90,6
"2019q4";94,6;85,6;39,3;93,8;95,8;105,4;83,7;87,9;100,7;103,2;100,9;52,2;94,7;92,4;96,8;84;39,5;96,1;98,2;107,9;83,6;87,7;100,5;100,7;51,3;97,1;90,6
"2019q5";93;87,1;64,8;92,5;96,4;107,6;90,4;96,3;89,7;106,8;101,2;75,7;93,5;98,2;94,5;85,4;64,7;93,9;97,9;109,7;90,7;95,6;104,3;100,4;74,4;95;96,5
"2019q6";94,9;92,9;74,1;94,8;96,4;105,4;95,8;96,1;99;107,6;107,8;81,4;95,2;100,5;96,8;91,5;74,3;96,7;98,3;108,9;97;95,9;105,1;107,5;80,4;97,2;98,9
"2019q7";99,3;100,8;71,1;99,4;101,5;118,7;98;102,5;108,3;114,3;109,5;77,7;99,6;106;101,4;106,2;74;101,6;103,8;121,4;98,9;103;122,7;115,8;82;101,9;111,7
"2019q8";98,3;92,9;56,9;97,9;101,3;109,6;85,6;89,5;101,2;94,9;99,2;60,6;98,6;90;100,4;99,2;59,6;100;103,5;113,4;85,7;90,3;104,1;106,3;64,8;100,7;96,3
"2019q9";93,6;97,5;82,7;93,9;92,2;103,4;97,1;94,2;126,7;99,7;107,1;86,5;93,5;98,9;96,1;96,5;83,4;96,4;94,6;106,6;97;94,5;98,1;107,6;85,8;95,9;98
"2019q10";96,4;107,2;73,4;97,3;103,5;110,7;98;104,4;101,4;111;112,3;83,8;97,5;105,5;98,9;105,4;73,8;99,8;106,1;114,8;98,4;104,9;108,3;111,9;82,7;100;103,8
"2019q11";94,5;104,4;90,9;95,3;94,9;95,8;101;109,5;101,8;109,5;107,5;97,6;94,6;107,1;96,3;102,6;91,1;97,2;96,8;99,1;101,5;109,9;106,5;106,7;96,1;96,4;105,3
"2019q12";109,4;132,3;119,5;111,3;118,9;103,1;131,9;122,2;149;135,5;139,9;118;111,1;131,6;111,6;130,1;119,9;113,6;121,2;106,1;132,1;123,4;131,8;139,2;116,4;113,4;129,5
"2020q1";91,8;92,7;50,4;91,8;89,7;99,7;103,5;90,3;102,3;101,3;98,9;59,5;91,4;93,9;92,7;97,8;52,2;92,9;90,7;103;103,6;91;109,3;104,1;62,9;92,4;99,1
"2020q2";92;84,2;46,8;91,3;90,6;93,4;88;84,4;82,5;91,5;94,9;63,1;91,7;85,8;92,9;90,1;48,9;92,3;91,5;97,6;88,1;85,2;100,6;101,1;67,7;92,6;91,8
"2020q3";102,2;40,8;57;96,9;87,7;50,8;63,3;45,3;39,1;58,1;53,2;61,9;99,4;53,4;102,9;40,4;57;97,6;88,3;55,2;63,3;45,1;57,3;53;61,4;100,1;52,9
"2020q4";98,9;34,7;48,5;93,4;98,2;30,5;53,6;30,9;26,2;47,6;51,7;49,9;98,2;42;98,4;33,9;47,9;92,9;97,6;35,2;53,2;31,1;46;50,6;48,9;97,7;41,1
"2020q5";97,4;76,8;87,7;95,7;96,4;57,7;85;80,1;71,3;73,3;85,5;85,8;97,2;76,6;96,3;75,2;86,5;94,6;95,3;68,3;84,5;80,6;71;83,4;84,3;96,1;75
"2020q6";95,2;88;108,3;94,6;100,3;81;98;98,4;100;91,6;104,1;106,6;96;95,4;94,8;86,3;107,3;94;99,9;95;97,5;98,6;89,2;102,1;104,8;95,5;93,5
"2020q7";97,7;93,9;80,4;97,4;103,7;97,6;97,1;100,6;103,5;100,4;106,7;83;98,6;98,3;98,6;94;80,9;98,2;104,6;113,2;97,1;101;100,5;107,3;83,4;99,4;98,4
"2020q8";98,9;97,2;76,3;98,7;98,9;89;83;90,4;101,8;93,3;92,9;76;98,7;91,4;100,1;103,3;79,4;99,9;100,1;105,2;83,3;91,8;101,3;98,4;80,9;99,9;97,1
"2020q9";96;99,2;102,1;96,3;98,5;90,9;100,1;97,1;116,4;96,1;105,3;100,9;96,5;98,7;97,3;99,5;103,1;97,6;99,9;106,4;100,9;98,6;95,9;105,9;101,4;97,9;99
"2020q10";102,9;114,6;109,4;103,9;104;86,4;96,3;107,1;99,5;106,4;104,1;109,2;102,9;106,8;104;113;109,4;105,1;105,2;101,7;96,8;108,6;103,8;103,1;108;103,9;105,4
"2020q11";96,3;90,4;132,3;95,8;93,7;65,5;100,1;94,5;80,5;80,6;86,6;127,4;95,9;89,9;96,7;88,9;131,7;96,3;94,2;76,1;100,2;96,1;78,3;85,3;125,8;96,4;88,5
"2020q12";116,6;122,7;158,1;117,1;123,2;76,1;130;111,2;132,2;112,1;120,3;145,1;117,8;118,2;117,9;120,6;157,9;118,5;124,6;86,7;130;112,1;109,2;119;143;119,2;116,2
"2021q1";96,1;83,8;76,6;94,6;87,9;64,9;98,6;78,9;81,8;75,6;83,4;76,8;94,7;78,3;96,6;84,1;77,2;95;88,2;72;92,3;79,5;79,8;86,1;77,4;95,1;80,4
"2021q2";86,2;94,4;66,3;87,2;87,9;76,2;85,4;80,3;79;82,4;92,1;78,7;86,5;82,7;86,8;94,3;67,7;87,7;88,4;82;80,6;81,2;87,5;96,6;79,9;87;85,5
"2021q3";104,3;73;95,4;100,5;96,3;80,6;116,9;87,3;73,7;82;88,7;99;103;85;104,9;71,7;94,8;100,8;96,9;83,6;111,3;87,9;81,7;88,6;98,6;103,5;84,6
"2021q4";100,8;77,7;77,8;98;95,3;82,3;82,3;94,3;82,9;75;72,8;79,6;99,9;80,2;100,8;76,5;76,8;97,9;95,3;85,1;79,5;94,5;73,9;72,5;78,9;99,9;79,4
"2021q5";97,3;93,2;93;96,8;92,3;96;84,3;102,3;88,2;104,1;97,1;93,6;96,5;99,9;97;92,2;91,9;96,4;92;98,5;84,1;102,3;101;95,1;92,8;96,2;98,1
"2021q6";97,6;89,4;124,4;96,6;99,6;108,9;97,3;106,5;99,5;109,5;106,8;120;97,9;107,5;97,6;88,7;123,3;96,6;99,6;110;98,9;106,4;106,4;105;119,2;98;105,8
"2021q7";101,9;102,7;78,8;102;104,1;121,2;101,7;105,5;110,4;114,2;107,6;81,9;102,3;106,9;102,5;105,4;81,3;102,8;104,7;119,7;104,5;105,6;120,5;111,3;83,9;102,9;110,7
"2021q8";98,9;105,2;87,7;99,6;100,1;113,4;88;88,8;104,9;96,1;95,4;85;99,1;94,4;99,1;108,2;90,8;100,2;100,3;111,9;89,4;89;103,4;100;87,5;99,3;98,7
"2021q9";97,7;106,1;104,6;98,7;100,6;113,9;107,8;101,6;122;103,7;112;102,4;98,2;104,8;97,8;105,6;104,1;98,8;100,8;111,4;108,8;101,4;101,7;110,5;102;98,3;103,7
"2021q10";103,2;127,6;98,8;106,1;104,7;114,6;104,2;109,7;108,1;116,5;106,2;102,5;103,4;113,3;103,1;127,4;98,1;106;104,6;107,1;107,6;109;112,6;103,9;101,8;103,3;111,2
"2021q11";97,1;113,8;145,9;99,1;98,9;110;99,8;113,1;98;105;99,5;139,2;97,4;110,7;96,3;115;145,8;98,5;98,1;101,5;106,9;112,1;101,5;97,2;138,8;96,6;109
"2021q12";118,9;133;150,8;120,6;132,4;117,8;133,7;131,7;151,6;135,8;138,5;141,4;121,2;136,4;117,3;133,7;149,1;119,3;130,7;110,1;140,6;130;130,8;134,5;139,7;119,6;133,5
"2022q1";98,5;93,8;79,4;98;86,6;95,4;105,4;87,4;97,6;93,3;85,3;79,3;96,5;90,9;96;96,7;80,7;96,1;84,2;87;109,7;86,1;99,1;86,6;79,9;94;93,9
"2022q2";89,5;94,9;69,4;90,1;87,8;107,9;89,2;85,3;83,5;89,5;95,5;81,2;89,2;87,9;86,5;96,9;70,6;87,8;84,7;93,8;91,7;83,8;94,3;96,8;81,1;86,2;90,2
"2022q3";104,1;81,4;93,1;101,3;93,4;136,9;121,2;99,1;81,2;94,6;96,7;98,4;102,3;94,8;99,8;80,7;91,7;97,5;89,4;106,2;127,4;96,6;92,5;92,3;96;98;93
"2022q4";106,9;84,3;76,8;104,2;95,8;120,2;84,1;105,8;93,8;85,3;77,1;79,5;105;88,8;101,4;83,1;74,7;99,2;90,7;104,2;88,8;102,1;81,6;72,7;76,7;99,6;85,8
"2022q5";102,4;98;105,7;101,8;94,6;130,7;88,7;107,4;90,5;115,9;100,1;104,5;101;108,7;96;97;102,9;96,1;88,6;109,5;96,5;103,1;109,4;92,8;100,7;94,7;104,1
"2022q6";103,3;88,3;121,7;101,4;99;146,4;95,1;106,7;99,7;108,9;105,6;118,2;102,5;106,8;95,9;87,4;117,8;94,9;91,7;113,1;104,8;102;102,7;97,3;113,4;95,2;102,2
"2022q7";109,6;105,7;94,1;109,2;101;149,9;101,3;107,7;112;115,6;107,1;93,1;108,2;109,7;101,8;109,6;96,1;102,7;93,4;118,9;114;102,8;120,5;104,7;92,9;100,3;111,6
"2022q8";106;104,1;96,2;105,8;104,6;136,9;86,8;91,7;109,4;98,8;100,9;91,9;105,8;97,3;97,6;105,6;96,8;98,6;96;118;95;87,3;102,3;98,3;90,9;97,4;98,3
"2022q9";105,1;105;112,5;105,1;102,1;133,3;106,5;105,1;124,9;106,3;112,6;108,7;104,6;107,5;95,8;102,6;108,3;96,6;92,8;116,6;114,9;99,2;100,2;102,5;103,4;95,2;102,4
"2022q10";108,8;118,3;110,7;109,9;104;128,4;99,3;110,5;104,6;115,6;107,2;111,2;108;113;97,6;115,3;105,8;99,7;93;110,3;106,8;103,5;107,3;95,9;104,7;96,8;106,2
"2022q11";104,3;112,9;159,5;105,3;101,6;127,5;97,2;117,6;101;108,9;102,7;149,3;103,8;114,8;92,8;111;152,8;95;90;110,9;107;109,3;100,8;91,2;141,3;92,3;107,9
"2022q12";127,1;130,5;152,8;127,5;134,5;122,2;133,7;133;156,5;139,5;141,7;142,7;128,3;138,7;112,7;127;144,1;114,4;118,9;110;143,2;122,9;128,3;125,5;133,2;113,8;129,4
"2023q1";106,4;96,4;82,8;105,2;91,7;118,6;106,9;92,3;102,6;97,7;90;82,4;103,9;95,1;93,7;94,6;79,3;93,8;80,4;97,8;110,5;85,4;98,5;83,1;77,5;91,4;93,1
"2023q2";97,1;94,6;77;96,8;89,7;116,4;90,5;88,9;86,7;93,6;97,5;88,3;95,9;91,7;84,2;91,6;73,2;85,1;77,3;96,8;90,4;81,9;92,8;89,4;81,7;83;88,5
"2023q3";112,3;81,5;102,1;108,5;98,1;132,1;121,5;104,1;84,5;98,5;101,8;106,8;109,9;99,1;96,5;76,5;94,8;94;83,9;111,7;123,1;95,9;91,8;88,6;97,4;94,3;92,1
"2023q4";114,6;83,9;80,1;110,9;95,9;119,9;80,9;106,1;95,8;85,4;75,3;82,4;111,4;89,2;98,1;78,9;73,9;95,8;81,8;102,9;83,5;97;78;64,5;74,7;95,3;82,1
"2023q5";111;97,5;111,8;109,4;98,4;128,6;87,1;107,4;87,2;114,9;100,4;110,2;108,9;108,6;94,3;92,3;103,8;94,1;83,2;115,3;92;97,9;104,2;86,1;100,6;92,4;99,5
"2023q6";110,8;88,2;129,1;108;101,9;130,3;93,3;108,1;100;111,7;109,2;124,2;109,3;109,2;93,8;83,4;119,1;92,5;85,9;115,8;99,4;98,6;101,3;93,3;112,9;92,5;100
"2023q7";116,6;102,2;99,1;114,8;103,5;138,6;99,4;109,3;111,5;116,7;108,6;97,5;114,4;110,7;98,8;101;95,9;99;87,2;121,1;107,3;99,8;116,2;98,3;91,9;96,8;107,6
"2023q8";112,5;101,1;102;111,1;107,4;140;84,6;90,4;106,8;99;103,1;96,4;111,6;97,3;95,1;99;98,2;95,6;90,3;115,5;89,3;82,6;98,9;93,9;90,8;94,3;94,6
"2023q9";111,4;99,3;112,6;109,9;104,2;139,2;102,5;103;124;104,4;115,5;108,8;110,2;105,6;94,1;94,5;104,4;94,2;87,6;111,1;108,2;93,5;95,2;98,8;99,1;93;97,1
"2023q10";113;113,6;115,4;113,1;106,6;137,8;98,7;107,6;102,7;113,5;105,4;115,1;111,9;111,3;95,5;109,3;107,5;97,2;89,7;112,1;107,1;97,7;102,2;89,7;105,1;94,5;101,8
"2023q11";108,7;110,9;161,3;109;103,4;123,7;98,4;114,8;100;109,3;102,8;150,4;107,8;114,4;91,8;108,7;152,1;93,8;86,8;105,3;111,5;103,9;98,5;87,2;139,4;90,9;105,2
"2023q12";130,3;127,5;153,4;129,9;135,5;119,6;130,3;129;155,9;138,8;137,1;142,1;131,1;137,1;109,8;125,4;143,1;111,7;113,6;105,2;146,3;116,5;124,1;116,1;130,5;110,4;125,4
"2024q1";108,8;93,6;85,8;106,9;94,1;117,2;103,2;90,1;99,2;99,1;90,6;84,4;106,3;95;91;93,2;82,1;91,3;78,2;102,7;115,5;81,8;97,4;80,1;78,6;88,8;91,7
"2024q2";101,3;95,2;77,9;100,5;94,6;118,3;90,3;88,9;84,5;95,2;99;89,6;100,1;92,6;84,8;95,5;74,5;86,1;78,7;99,9;103,4;80,7;92,4;87,9;82,2;83,8;88,7
"2024q3";120,5;81;99,7;115,7;98,5;127,8;117,6;99;83,9;97,1;100,3;103,7;116,8;96,8;100,8;78,1;93,8;98,1;82;108,3;137,5;89,7;88,8;85,1;94,8;97,6;89,6
"2024q4";108,4;83,1;86,1;105,3;95,4;130,6;81,1;107;94,2;86,3;72,7;87,2;106,2;90,2;90,5;80,6;80,6;89,3;79,3;109,6;95,7;96,2;77,3;60,7;79,6;88,6;82,4
"2024q5";112,6;95,3;110,8;110,5;100,8;135,4;85,9;105,2;86,6;115,5;99,5;108,9;110,6;108;93,7;93,3;104,8;93,6;83,4;116,6;104,2;94,9;102,9;83,5;100,4;91,9;98,5
"2024q6";111,2;86,9;125;108,2;99,1;127;91,8;104,3;98,7;111;105,3;119,8;109,1;107,3;92,6;85,3;117,2;91,7;82,2;111,2;112,7;94,2;98,9;88,4;109,8;90,8;98
"2024q7";116,9;104,4;102,7;115,4;103,6;148,3;100,2;110,1;109,5;119;108,5;100,2;114,7;112,4;97,9;107,5;100,5;99,1;86,2;128,2;124,3;99,6;115,4;96,1;95;95,9;108,3
"2024q8";115,4;103,5;98,6;114;107,5;135,2;84,4;89,7;107;99,4;102,2;93,4;114,1;97,2;96,5;106,7;97,7;97,8;89,3;119,9;105,7;81,3;97,3;91,8;89,8;95,3;94,5
"2024q9";112,6;101,2;115,3;111,2;102,7;123,3;100,9;102,1;124;105,8;112,1;110,6;110,9;106,4;93,9;101;109,3;94,8;85,2;113,2;125,8;92,1;95;94,7;102,3;92,4;98,1
"2024q10";116,3;117,3;121;116,5;109,3;130,3;99,3;108,9;103,7;116,4;106,9;118,9;115,1;113,8;96,1;117,8;115,3;98,8;89,8;119,6;124,6;98,1;102,9;89;110;95;104
"2024q11";113,1;112,9;154,7;113;101,8;116,9;97;114,8;100,2;109,8;103,1;143,7;111,1;114;92,9;115,1;149,7;95,6;83;106,8;127,3;103,2;96,9;85,3;135,5;91,2;104,8
"2024q12";131,3;132,6;163,4;131,4;134,8;121,8;129,9;128,7;155,8;138,2;135,2;149,3;131,9;137,9;108,4;139,2;157,4;112,1;110,6;110,9;170,7;116;121,5;112,2;140,5;108,8;126,9
